,Unnamed: 0,Unnamed: 0.1,ticker_code,exchange,tick_size,lot_size_min,lot_size,lot_size_max,contract_size,currency,contract_name,strike_price,expiry,freezeQuantity,trade_stops_level,divider,segment,contract_category,token,tokenID,tokenID2,security_type,option_type,multiplier
0,0,0,SILVER-05,MT5,0.005,1.0,1.0,10.0,5000.0,USD,SILVER-05,0.0,25Apr2023,25,50,1000,XX,XX,6565,MT5XX6565,133143992741,Future,XX,1
1,1,1,COPPER-05,MT5,0.0005,1.0,1.0,10.0,25000.0,USD,COPPER-05,0.0,25Apr2023,20,100,10000,XX,XX,6765,MT5XX6765,133143992941,Future,XX,1
2,2,2,AUD-06,MT5,5e-05,1.0,1.0,10.0,100000.0,USD,AUD-06,0.0,15Jun2023,100,200,100000,XX,XX,7365,MT5XX7365,133143993541,Future,XX,1
3,3,3,CAD-06,MT5,5e-05,1.0,1.0,10.0,100000.0,USD,CAD-06,0.0,15Jun2023,100,200,100000,XX,XX,7465,MT5XX7465,133143993641,Future,XX,1
4,4,4,EUR-06,MT5,5e-05,1.0,1.0,10.0,125000.0,USD,EUR-06,0.0,15Jun2023,100,200,100000,XX,XX,7565,MT5XX7565,133143993741,Future,XX,1
5,5,5,GBP-06,MT5,0.0001,1.0,1.0,10.0,62500.0,USD,GBP-06,0.0,15Jun2023,100,200,10000,XX,XX,7665,MT5XX7665,133143993841,Future,XX,1
6,6,6,NZD-06,MT5,0.0001,1.0,1.0,10.0,100000.0,USD,NZD-06,0.0,15Jun2023,100,200,10000,XX,XX,7765,MT5XX7765,133143993941,Future,XX,1
7,7,7,MINI-NASDAQ-06,MT5,0.25,1.0,1.0,10.0,20.0,USD,MINI-NASDAQ-06,0.0,15Jun2023,250,2500,100,XX,XX,686965,MT5XX686965,133144673141,Future,XX,1
8,8,8,MINI-DOW-06,MT5,1.0,1.0,1.0,10.0,5.0,USD,MINI-DOW-06,0.0,15Jun2023,5,50,1,XX,XX,687065,MT5XX687065,133144673241,Future,XX,1
9,9,9,MINI-SNP-06,MT5,0.01,1.0,1.0,10.0,50.0,USD,MINI-SNP-06,0.0,15Jun2023,250,1500,100,XX,XX,687165,MT5XX687165,133144673341,Future,XX,1
10,10,10,DAX-06,MT5,1.0,1.0,1.0,10.0,25.0,USD,DAX-06,0.0,15Jun2023,100,1500,100,XX,XX,7265,MT5XX7265,133143993441,Future,XX,1
11,11,11,CRUDE-05,MT5,0.01,1.0,1.0,10.0,1000.0,USD,CRUDE-05,0.0,19Apr2023,10,20,100,XX,XX,8065,MT5XX8065,133143994241,Future,XX,1
12,12,12,DGINR-04,MT5,0.01,0.1,0.1,10.0,200.0,USD,DGINR-04,0.0,25Apr2023,100,200,100,XX,XX,6579,MT5XX6579,133143992755,Future,XX,1
13,13,13,GOLD-06,MT5,0.05,1.0,1.0,10.0,100.0,USD,GOLD-06,0.0,25May2023,0,5,100,XX,XX,8165,MT5XX8165,133143994341,Future,XX,1
14,14,14,NG-05,MT5,0.001,1.0,1.0,10.0,10000.0,USD,NG-05,0.0,25Apr2023,10,25,1000,XX,XX,8265,MT5XX8265,133143994441,Future,XX,1
15,15,15,PLATINUM-07,MT5,0.1,1.0,1.0,10.0,50.0,USD,PLATINUM-07,0.0,27Jun2023,100,200,100,XX,XX,7865,MT5XX7865,133143994041,Future,XX,1
