token,ticker_code,security_type,strike_price,option_type,permitted_to_trade,lot_size,tick_size,expiry,contract_name,exchange,segment,FNO,divider
26000,NIFTY 50,EQ,0,0,2,0,0,0,NIFTY 50,NSE,CM,A,100
26010,Nifty 500,EQ,0,0,2,0,0,0,Nifty 500,NSE,CM,A,100
26011,Nifty 100 ,EQ,0,0,2,0,0,0,Nifty 100 ,NSE,CM,A,100
26012,Nifty Midcap 50 ,EQ,0,0,2,0,0,0,Nifty Midcap 50 ,NSE,CM,A,100
26013,Nifty Realty,EQ,0,0,2,0,0,0,Nifty Realty,NSE,CM,A,100
26014,Nifty Infra,EQ,0,0,2,0,0,0,Nifty Infra,NSE,CM,A,100
26015,Nifty Energy,EQ,0,0,2,0,0,0,Nifty Energy,NSE,CM,A,100
26016,Nifty FMCG ,EQ,0,0,2,0,0,0,Nifty FMCG ,NSE,CM,A,100
26017,Nifty MNC ,EQ,0,0,2,0,0,0,Nifty MNC ,NSE,CM,A,100
26018,Nifty Pharma,EQ,0,0,2,0,0,0,Nifty Pharma,NSE,CM,A,100
26019,Nifty PSE,EQ,0,0,2,0,0,0,Nifty PSE,NSE,CM,A,100
26020,Nifty PSU Bank,EQ,0,0,2,0,0,0,Nifty PSU Bank,NSE,CM,A,100
26021,Nifty Serv Sector,EQ,0,0,2,0,0,0,Nifty Serv Sector,NSE,CM,A,100
26022,Nifty Auto ,EQ,0,0,2,0,0,0,Nifty Auto ,NSE,CM,A,100
26023,Nifty Metal,EQ,0,0,2,0,0,0,Nifty Metal,NSE,CM,A,100
26024,Nifty Media,EQ,0,0,2,0,0,0,Nifty Media,NSE,CM,A,100
26025,Nifty 200,EQ,0,0,2,0,0,0,Nifty 200,NSE,CM,A,100
26026,Nifty Div Opps 50,EQ,0,0,2,0,0,0,Nifty Div Opps 50,NSE,CM,A,100
26027,Nifty Commodities,EQ,0,0,2,0,0,0,Nifty Commodities,NSE,CM,A,100
26028,Nifty Consumption,EQ,0,0,2,0,0,0,Nifty Consumption,NSE,CM,A,100
26029,Nifty100 Liq 15,EQ,0,0,2,0,0,0,Nifty100 Liq 15,NSE,CM,A,100
26030,Nifty CPSE ,EQ,0,0,2,0,0,0,Nifty CPSE ,NSE,CM,A,100
26031,Nifty GrowSect 15,EQ,0,0,2,0,0,0,Nifty GrowSect 15,NSE,CM,A,100
26032,Nifty50 Value 20,EQ,0,0,2,0,0,0,Nifty50 Value 20,NSE,CM,A,100
26033,Nifty Mid Liq 15,EQ,0,0,2,0,0,0,Nifty Mid Liq 15,NSE,CM,A,100
26034,Nifty Pvt Bank,EQ,0,0,2,0,0,0,Nifty Pvt Bank,NSE,CM,A,100
26035,NIFTY MIDCAP 100,EQ,0,0,2,0,0,0,NIFTY MIDCAP 100,NSE,CM,A,100
26036,NIFTY SMLCAP 100,EQ,0,0,2,0,0,0,NIFTY SMLCAP 100,NSE,CM,A,100
26037,Nifty Fin Service,EQ,0,0,2,0,0,0,Nifty Fin Service,NSE,CM,A,100
26038,NIFTY MIDCAP 150,EQ,0,0,2,0,0,0,NIFTY MIDCAP 150,NSE,CM,A,100
26039,NIFTY SMLCAP 50,EQ,0,0,2,0,0,0,NIFTY SMLCAP 50,NSE,CM,A,100
26040,NIFTY SMLCAP 250,EQ,0,0,2,0,0,0,NIFTY SMLCAP 250,NSE,CM,A,100
26041,NIFTY MIDSML 400,EQ,0,0,2,0,0,0,NIFTY MIDSML 400,NSE,CM,A,100
26042,NIFTY MIDCAP 100,EQ,0,0,2,0,0,0,NIFTY MIDCAP 100,NSE,CM,A,100
26001,Nifty Bank,EQ,0,0,2,0,0,0,Nifty Bank,NSE,CM,A,100
26002,Nifty IT,EQ,0,0,2,0,0,0,Nifty IT,NSE,CM,A,100
