dayname,tradetime,value,tradeflag
Monday,9:16:58,1.1,0
Monday,9:21:58,1.3,0
Monday,9:26:58,1.1,0
Monday,9:31:58,1.2,0
Monday,10:06:58,1.4,0
Monday,10:46:58,1.3,0
Monday,10:56:58,1.2,0
Monday,11:01:58,1.1,0
Monday,11:06:58,1.2,0
Monday,11:31:58,1.6,0
Monday,11:36:58,1.1,0
Monday,11:46:58,1.7,0
Monday,11:51:58,1.4,0
Monday,12:11:58,1.5,0
Monday,12:16:58,1.5,0
Monday,12:21:58,1.5,0
Monday,12:26:58,1.5,0
Monday,12:41:58,1.1,0
Monday,12:46:58,1.2,0
Monday,12:56:58,1.5,0
Tuesday,9:16:58,1.7,0
Tuesday,9:21:58,1.1,0
Tuesday,9:26:58,1.2,0
Tuesday,9:31:58,1.3,0
Tuesday,9:36:58,1.9,0
Tuesday,9:41:58,1.1,0
Tuesday,9:51:58,1.3,0
Tuesday,10:11:58,1.2,0
Tuesday,10:16:58,1.6,0
Tuesday,10:36:58,1.3,0
Tuesday,10:46:58,1.2,0
Tuesday,10:51:58,1.4,0
Tuesday,10:56:58,1.1,0
Tuesday,11:01:58,1.4,0
Tuesday,11:31:58,1.5,0
Tuesday,11:41:58,1.4,0
Tuesday,11:51:58,1.4,0
Tuesday,11:56:58,1.4,0
Tuesday,12:01:58,1.1,0
Tuesday,12:06:58,1.4,0
Wednesday,9:16:58,1.1,0
Wednesday,9:21:58,1.8,0
Wednesday,9:26:58,1.8,0
Wednesday,9:31:58,1.8,0
Wednesday,9:36:58,1.2,0
Wednesday,9:41:58,1.1,0
Wednesday,9:56:58,2,0
Wednesday,10:01:58,1.2,0
Wednesday,10:06:58,1.2,0
Wednesday,10:16:58,1.1,0
Wednesday,10:24:58,1.9,0
Wednesday,10:26:58,1.2,0
Wednesday,10:31:58,1.7,0
Wednesday,10:46:58,1.2,0
Wednesday,10:51:58,1.3,0
Wednesday,11:01:58,1.4,0
Wednesday,11:41:58,2,0
Wednesday,12:11:58,1.6,0
Wednesday,12:21:58,1.3,0
Wednesday,12:46:58,1.7,0
Thursday,9:16:58,1.9,0
Thursday,9:21:58,1.1,0
Thursday,9:31:58,1.4,0
Thursday,9:41:58,2,0
Thursday,9:46:58,1.2,0
Thursday,9:51:58,1.9,0
Thursday,9:56:58,1.5,0
Thursday,10:01:58,1.3,0
Thursday,10:06:58,1.3,0
Thursday,10:11:58,2,0
Thursday,11:01:58,2,0
Thursday,11:06:58,1.3,0
Thursday,11:11:58,1.2,0
Thursday,11:16:58,1.2,0
Thursday,11:31:58,1.1,0
Thursday,12:06:58,1.8,0
Thursday,12:11:58,2,0
Thursday,12:21:58,2,0
Thursday,12:26:58,1.7,0
Thursday,12:51:58,1.7,0
Friday,9:21:58,1.7,0
Friday,9:26:58,1.7,0
Friday,9:31:58,1.1,0
Friday,9:36:58,1.1,0
Friday,9:46:58,1.1,0
Friday,9:51:58,1.1,0
Friday,10:06:58,1.1,0
Friday,10:11:58,1.2,0
Friday,10:41:58,1.1,0
Friday,11:06:58,1.6,0
Friday,11:16:58,1.5,0
Friday,11:21:58,1.1,0
Friday,11:26:58,1.9,0
Friday,11:31:58,1.4,0
Friday,11:46:58,1.2,0
Friday,12:06:58,1.2,0
Friday,12:11:58,1.9,0
Friday,12:21:58,1.7,0
Friday,12:36:58,1.6,0
Friday,13:01:58,1.6,0
